{
    "model_name": "Standard_HANK",
    "parameters": {
        "beta": 0.985,
        "sigma": 2.0,
        "alpha": 0.33,
        "A": 1.0,
        "r_guess": 0.015
    },
    "agents": [
        {
            "name": "Household",
            "grids": {
                "asset_a": {
                    "type": "Log-spaced",
                    "n_points": 200,
                    "min": 0.001,
                    "max": 200.0,
                    "potency": 2.0
                }
            }
        }
    ],
    "income_process": {
        "n_z": 7,
        "z_grid": [
            0.13517269419867936,
            0.242200288127516,
            0.4339706322848813,
            0.7775816913421073,
            1.3932585334796086,
            2.496418527760457,
            4.473043097163921
        ],
        "transition_matrix": [
            0.8858423808639998,
            0.10847049561600008,
            0.00553420896000001,
            0.0001505907200000004,
            2.304960000000008e-06,
            1.8816000000000084e-08,
            6.400000000000035e-11,
            0.018078415936000014,
            0.8876871171839998,
            0.09046737504000008,
            0.003691009280000006,
            7.531104000000019e-05,
            7.683840000000027e-07,
            3.136000000000014e-09,
            0.00036894726400000063,
            0.03618695001600002,
            0.8887948809599999,
            0.07240403072000004,
            0.002214912960000004,
            3.0124416000000077e-05,
            1.5366400000000055e-07,
            7.52953600000002e-06,
            0.001107302784000002,
            0.05430302304000004,
            0.8891642892799999,
            0.05430302304000004,
            0.0011073027840000018,
            7.52953600000002e-06,
            1.5366400000000055e-07,
            3.012441600000008e-05,
            0.0022149129600000043,
            0.07240403072000004,
            0.8887948809599999,
            0.03618695001600003,
            0.00036894726400000063,
            3.136000000000014e-09,
            7.683840000000027e-07,
            7.53110400000002e-05,
            0.0036910092800000066,
            0.09046737504000008,
            0.8876871171839998,
            0.018078415936000014,
            6.400000000000035e-11,
            1.8816000000000084e-08,
            2.304960000000008e-06,
            0.0001505907200000004,
            0.00553420896000001,
            0.10847049561600008,
            0.8858423808639998
        ]
    }
}